{
    "_inherit": true,
    "_variables": {
        "@TitleSize": "16px",
        "@SubtitleSize": "15px",
        "@TextSize": "12px",
        "@FooterSize": "10px",
        "@TitleColor": "#888888",
        "@SubtitleColor": "#888888",
        "@TextColor": "#888888",
        "@FooterColor": "#888888",
        "@BackgroundColor": "#ffffff",
        "@AxisMajorColor": "#eeeeee",
        "@AxisMinorColor": "#eeeeee"
    },
    "customStyles": [
        {
            "cssRef": "theme.css",
            "classRef": "sense-theme"
        }
    ],
    "color": "@TextColor",
    "fontSize": "@TextSize",
    "backgroundColor": "@BackgroundColor",
    "dataColors": {
        "primaryColor": "#006580",
        "othersColor": "#FFC72A",
        "errorColor": "#CC4000",
        "nullColor": "#54565A"
    },
    "object": {
        "title": {
            "main": {
                "color": "@TitleColor",
                "fontSize": "@TitleSize"
            },
            "subTitle": {
                "color": "@SubtitleColor",
                "fontSize": "@SubtitleSize"
            },
            "footer": {
                "color": "@FooterColor",
                "fontSize": "@FooterSize",
                "backgroundColor": "#ffffff"
            }
        },
        "label": {
            "name": {
                "color": "@TitleColor",
                "fontSize": "@TitleSize"
            },
            "value": {
                "color": "@TextColor",
                "fontSize": "@TextSize"
            }
        },
        "axis": {
            "title": {
                "color": "@TextColor",
                "fontSize": "@TextSize"
            },
            "label": {
                "name": {
                    "color": "@TextColor",
                    "fontSize": "@TextSize"
                }
            },
            "line": {
                "major": {
                    "color": "#eeeeee"
                },
                "minor": {
                    "color": "#eeeeee"
                }
            }
        },
        "grid": {
            "line": {
                "highContrast": {
                    "color": "#eeeeee"
                },
                "major": {
                    "color": "#eeeeee"
                },
                "minor": {
                    "color": "#eeeeee"
                }
            }
        },
        "referenceLine": {
            "label": {
                "name": {
                    "color": "@TextColor",
                    "fontSize": "@TextSize"
                }
            },
            "outOfBounds": {
                "color": "@TextColor",
                "backgroundColor": "#ffffff",
                "fontSize": "@TextSize"
            }
        },
        "legend": {
            "title": {
                "color": "@TextColor",
                "fontSize": "@TextSize"
            },
            "label": {
                "color": "@TextColor",
                "fontSize": "@TextSize"
            }
        }
    },
    "palettes": {
        "data": [
            {
                "name": "Qlik Colors short",
                "translation": "Qlik Colors short",
                "propertyValue": "ce3jjk",
                "type": "row",
                "scale": [
                    "#154624",
                    "#008B34",
                    "#0047AA",
                    "#66C2BA",
                    "#156A7F",
                    "#1D2948",
                    "#453C82",
                    "#7A064E",
                    "#BE002E"
                ]
            },
            {
                "name": "Turquise",
                "translation": "Turquise",
                "propertyValue": "21l5l",
                "type": "row",
                "scale": [
                    "#006580",
                    "#15728b",
                    "#2b7f95",
                    "#408ba0",
                    "#5598aa",
                    "#6aa5b5",
                    "#80b2c0",
                    "#95bfca",
                    "#aaccd5",
                    "#bfd8df",
                    "#d4e5ea",
                    "#eaf2f4"
                ]
            },
            {
                "name": "Turquise Long",
                "translation": "Turquise Long",
                "propertyValue": "xyyfon",
                "type": "row",
                "scale": [
                    "#006580",
                    "#2b7f95",
                    "#5598aa",
                    "#870064",
                    "#9b2b7e",
                    "#af5598",
                    "#1C355e",
                    "#425779",
                    "#687894",
                    "#655dc6",
                    "#7f78d0",
                    "#9893d9",
                    "#244b5a",
                    "#486975",
                    "#6d8791"
                ]
            }
        ],
        "ui": [
            {
                "name": "Qlik Colors Long",
                "translation": "Qlik Colors Long",
                "colors": [
                    "#006580",
                    "#009845",
                    "#655dc6",
                    "#870064",
                    "#1C355e",
                    "#244b5a",
                    "#c4cfda",
                    "#10cfc9",
                    "#54565A",
                    "#005CB9",
                    "#006937",
                    "#E7004C",
                    "#FF8E9F",
                    "#FFC72A",
                    "#C2D500"
                ]
            }
        ]
    },
    "scales": [
        {
            "name": "Turquise",
            "translation": "Turquise",
            "type": "gradient",
            "propertyValue": "djwzni",
            "scale": [
                "#006580",
                "#15728b",
                "#2b7f95",
                "#408ba0",
                "#5598aa",
                "#6aa5b5",
                "#80b2c0",
                "#95bfca",
                "#aaccd5",
                "#bfd8df",
                "#d4e5ea",
                "#eaf2f4"
            ]
        },
        {
            "name": "Wine",
            "translation": "Wine",
            "type": "gradient",
            "propertyValue": "5dye3g",
            "scale": [
                "#870064",
                "#911571",
                "#9b2b7e",
                "#a5408b",
                "#af5598",
                "#b96aa5",
                "#c380b1",
                "#cd95be",
                "#d7aacb",
                "#e1bfd8",
                "#ebd4e5",
                "#f5eaf2"
            ]
        },
        {
            "name": "Amethyst",
            "translation": "Amethyst",
            "type": "gradient",
            "propertyValue": "trntdc",
            "scale": [
                "#655dc6",
                "#726bcb",
                "#7f78d0",
                "#8b85d4",
                "#9893d9",
                "#a5a1de",
                "#b2aee3",
                "#bfbbe7",
                "#ccc9ec",
                "#d8d7f1",
                "#e5e4f6",
                "#f2f1fa"
            ]
        },
        {
            "name": "Qlik Green",
            "translation": "Qlik Green",
            "type": "gradient",
            "propertyValue": "tquykn",
            "scale": [
                "#009845",
                "#15a154",
                "#2ba964",
                "#40b274",
                "#55ba83",
                "#6ac392",
                "#80cba2",
                "#95d4b1",
                "#aaddc1",
                "#bfe5d1",
                "#d4eee0",
                "#eaf6f0"
            ]
        },
        {
            "name": "Green to Wine",
            "translation": "Green to Wine",
            "type": "gradient",
            "propertyValue": "n4vr7g",
            "scale": [
                "#009845",
                "#870064"
            ]
        },
        {
            "name": "Turquoise to Amethyst",
            "translation": "Turquoise to Amethyst",
            "type": "gradient",
            "propertyValue": "gxi5po",
            "scale": [
                "#006580",
                "#655dc6"
            ]
        },
        {
            "name": "Aquamarine to Slate",
            "translation": "Aquamarine to Slate",
            "type": "gradient",
            "propertyValue": "aslwd",
            "scale": [
                "#10cfc9",
                "#244b5a"
            ]
        },
        {
            "name": "Green to Slate",
            "translation": "Green to Slate",
            "type": "gradient",
            "propertyValue": "7d0az4",
            "scale": [
                "#009845",
                "#244b5a"
            ]
        },
        {
            "name": "Topaz to Peridot to Wine",
            "translation": "Topaz to Peridot to Wine",
            "type": "gradient",
            "propertyValue": "eyiwj",
            "scale": [
                "#C2D500",
                "#FFC72A",
                "#870064"
            ]
        },
        {
            "name": "Emerald to Ruby",
            "translation": "Emerald to Ruby",
            "type": "gradient",
            "propertyValue": "h70nub",
            "scale": [
                "#006937",
                "#E7004C"
            ]
        },
        {
            "name": "Qlik Grey to Sapphire",
            "translation": "Qlik Grey to Sapphire",
            "type": "gradient",
            "propertyValue": "5ny1wm",
            "scale": [
                "#54565A",
                "#005CB9"
            ]
        },
        {
            "name": "Turquoise to Amethyst",
            "translation": "Turquoise to Amethyst",
            "type": "class",
            "propertyValue": "fklxkc",
            "scale": [
                "#006580",
                "#655dc6"
            ]
        },
        {
            "name": "Aquamarine to Slate",
            "translation": "Aquamarine to Slate",
            "type": "class",
            "propertyValue": "o1h56p",
            "scale": [
                "#10cfc9",
                "#244b5a"
            ]
        },
        {
            "name": "Green to Slate",
            "translation": "Green to Slate",
            "type": "class",
            "propertyValue": "ebpc27",
            "scale": [
                "#009845",
                "#244b5a"
            ]
        },
        {
            "name": "Green to Wine",
            "translation": "Green to Wine",
            "type": "class",
            "propertyValue": "ayi5jg",
            "scale": [
                "#009845",
                "#870064"
            ]
        }
    ]
}